id,title,image_url,calories,protein,carbs,fat,prep_time,cook_time,difficulty,steps
1,High-Protein Overnight Oats,https://images.unsplash.com/photo-1517673400267-0251440c45dc?auto=format&fit=crop&w=800&q=80,380,28,45,8,5,0,Easy,"[""Mix oats, protein powder, and chia seeds in a jar."", ""Add almond milk and stir well."", ""Refrigerate overnight."", ""Top with berries before eating.""]"
2,Spinach & Egg White Frittata,https://images.unsplash.com/photo-1587132137056-bfbf0166836e?auto=format&fit=crop&w=800&q=80,250,30,5,10,10,15,Easy,"[""Whisk egg whites with salt and pepper."", ""Saut\u00e9 spinach in a non-stick pan."", ""Pour egg whites over spinach."", ""Cover and cook until set.""]"
3,Greek Yogurt Power Bowl,https://images.unsplash.com/photo-1488477181946-6428a0291777?auto=format&fit=crop&w=800&q=80,350,22,38,11,5,0,Easy,"[""Scoop yogurt into a bowl."", ""Top with granola, banana slices, and honey."", ""Sprinkle with crushed walnuts.""]"
4,Avocado Toast with Poached Egg,https://images.unsplash.com/photo-1525351484163-7529414395d8?auto=format&fit=crop&w=800&q=80,400,18,35,22,5,5,Medium,"[""Toast the whole grain bread."", ""Mash avocado with lime juice and spread on toast."", ""Poach the egg in simmering water for 3 minutes."", ""Place egg on toast and season.""]"
5,Protein Banana Pancakes,https://images.unsplash.com/photo-1565299585323-38d6b0865b47?auto=format&fit=crop&w=800&q=80,450,35,50,10,10,10,Medium,"[""Mash banana and mix with eggs and protein powder."", ""Heat a pan with cooking spray."", ""Pour batter and cook 2 mins per side."", ""Serve with sugar-free syrup.""]"
6,Lemon Herb Grilled Chicken,https://images.unsplash.com/photo-1604908176997-125f25cc6f3d?auto=format&fit=crop&w=800&q=80,420,45,30,12,15,15,Medium,"[""Marinate chicken with lemon, garlic, and herbs."", ""Grill for 6-8 mins per side."", ""Serve with steamed quinoa and broccoli.""]"
7,Chicken Burrito Bowl,https://images.unsplash.com/photo-1543339308-43e59d6b73a6?auto=format&fit=crop&w=800&q=80,550,40,65,15,20,15,Medium,"[""Cook brown rice."", ""Grill chicken strips with taco seasoning."", ""Assemble bowl with rice, beans, corn, and chicken."", ""Top with salsa.""]"
8,Turkey Chili,https://images.unsplash.com/photo-1565557623262-b51c2513a641?auto=format&fit=crop&w=800&q=80,380,35,40,10,15,30,Medium,"[""Saut\u00e9 onions and garlic."", ""Add ground turkey and brown."", ""Add tomatoes, beans, and chili powder."", ""Simmer for 20 minutes.""]"
9,Pesto Chicken Zoodles,https://images.unsplash.com/photo-1551248429-40975aa4de74?auto=format&fit=crop&w=800&q=80,350,38,12,18,15,10,Easy,"[""Spiralize zucchini into noodles."", ""Cook chicken pieces in a pan."", ""Add zucchini noodles and toss for 2 mins."", ""Stir in pesto sauce.""]"
10,Lean Beef Stir-Fry,https://images.unsplash.com/photo-1512058564366-18510be2db19?auto=format&fit=crop&w=800&q=80,480,42,50,14,15,10,Medium,"[""Slice beef thinly."", ""Stir-fry beef in hot wok for 2 mins."", ""Add peppers and snap peas."", ""Toss with soy sauce and ginger.""]"
11,Steak & Sweet Potato,https://images.unsplash.com/photo-1600891964092-4316c288032e?auto=format&fit=crop&w=800&q=80,520,45,40,20,10,20,Medium,"[""Season steak with salt and pepper."", ""Roast sweet potato cubes in oven."", ""Sear steak in pan to desired doneness."", ""Serve with steamed green beans.""]"
12,Beef & Broccoli Bowl,https://images.unsplash.com/photo-1541544744-378c545f1bfa?auto=format&fit=crop&w=800&q=80,410,38,35,15,10,15,Easy,"[""Steam broccoli florets."", ""Brown ground beef with garlic and ginger."", ""Mix beef and broccoli with oyster sauce."", ""Serve over rice.""]"
13,Salmon & Asparagus,https://images.unsplash.com/photo-1519708227418-c8fd9a32b7a2?auto=format&fit=crop&w=800&q=80,480,35,10,32,5,15,Medium,"[""Place salmon and asparagus on a baking sheet."", ""Drizzle with olive oil and lemon."", ""Bake at 200\u00b0C for 12-15 mins.""]"
14,Shrimp & Quinoa Bowl,https://images.unsplash.com/photo-1555126634-323283e090fa?auto=format&fit=crop&w=800&q=80,380,30,45,8,15,10,Easy,"[""Cook quinoa according to package."", ""Saut\u00e9 shrimp with garlic and paprika."", ""Mix shrimp, quinoa, and chopped cucumber."", ""Dress with lime juice.""]"
15,Baked Cod with Veggies,https://images.unsplash.com/photo-1532550907401-a500c9a57435?auto=format&fit=crop&w=800&q=80,300,35,20,5,10,15,Easy,"[""Season cod with herbs."", ""Place on baking tray with cherry tomatoes and zucchini."", ""Bake at 190\u00b0C for 15 mins.""]"
16,Tuna Salad Lettuce Wraps,https://images.unsplash.com/photo-1547496502-ffa2264a36b5?auto=format&fit=crop&w=800&q=80,280,35,5,12,10,0,Easy,"[""Drain canned tuna."", ""Mix tuna with yogurt, mustard, and celery."", ""Scoop mixture into lettuce leaves."", ""Sprinkle with black pepper.""]"
17,Tofu Scramble,https://images.unsplash.com/photo-1512621776951-a57141f2eefd?auto=format&fit=crop&w=800&q=80,310,22,12,18,10,10,Easy,"[""Crumble tofu."", ""Saut\u00e9 with turmeric, nutritional yeast, and onions."", ""Add kale and cook until wilted.""]"
18,Chickpea & Spinach Curry,https://images.unsplash.com/photo-1565557623262-b51c2513a641?auto=format&fit=crop&w=800&q=80,420,18,60,12,10,20,Medium,"[""Saut\u00e9 onions and curry paste."", ""Add coconut milk and chickpeas."", ""Simmer for 15 mins."", ""Stir in spinach.""]"
19,Lentil Soup,https://images.unsplash.com/photo-1547592166-23acbe3a624b?auto=format&fit=crop&w=800&q=80,350,20,55,4,15,30,Medium,"[""Saut\u00e9 carrots, celery, and onions."", ""Add lentils and vegetable broth."", ""Simmer for 30 mins until lentils are soft."", ""Blend partially for texture.""]"
20,Cottage Cheese & Fruit Bowl,https://images.unsplash.com/photo-1505253716362-afaea1d3d1af?auto=format&fit=crop&w=800&q=80,250,28,25,4,3,0,Easy,"[""Serve cottage cheese in a bowl."", ""Top with sliced peaches or berries."", ""Drizzle slightly with honey.""]"
